person_id,service_id,password,role,unit
p_00001,CRPF-PER-00001,demo-p-00001-2026,personnel,1st Company
p_00002,CRPF-PER-00002,demo-p-00002-2026,personnel,2nd Company
p_00003,CRPF-PER-00003,demo-p-00003-2026,personnel,3rd Company
p_00004,CRPF-PER-00004,demo-p-00004-2026,personnel,1st Company
p_00005,CRPF-PER-00005,demo-p-00005-2026,personnel,2nd Company
p_00006,CRPF-PER-00006,demo-p-00006-2026,personnel,3rd Company
p_00007,CRPF-PER-00007,demo-p-00007-2026,personnel,1st Company
p_00008,CRPF-PER-00008,demo-p-00008-2026,personnel,2nd Company
p_00009,CRPF-PER-00009,demo-p-00009-2026,personnel,3rd Company
p_00010,CRPF-PER-00010,demo-p-00010-2026,personnel,1st Company
p_00011,CRPF-PER-00011,demo-p-00011-2026,personnel,2nd Company
p_00012,CRPF-PER-00012,demo-p-00012-2026,personnel,3rd Company
p_00013,CRPF-PER-00013,demo-p-00013-2026,personnel,1st Company
p_00014,CRPF-PER-00014,demo-p-00014-2026,personnel,2nd Company
p_00015,CRPF-PER-00015,demo-p-00015-2026,personnel,3rd Company
p_00016,CRPF-PER-00016,demo-p-00016-2026,personnel,1st Company
p_00017,CRPF-PER-00017,demo-p-00017-2026,personnel,2nd Company
p_00018,CRPF-PER-00018,demo-p-00018-2026,personnel,3rd Company
p_00019,CRPF-PER-00019,demo-p-00019-2026,personnel,1st Company
p_00020,CRPF-PER-00020,demo-p-00020-2026,personnel,2nd Company
p_00021,CRPF-PER-00021,demo-p-00021-2026,personnel,3rd Company
p_00022,CRPF-PER-00022,demo-p-00022-2026,personnel,1st Company
p_00023,CRPF-PER-00023,demo-p-00023-2026,personnel,2nd Company
p_00024,CRPF-PER-00024,demo-p-00024-2026,personnel,3rd Company
p_00025,CRPF-PER-00025,demo-p-00025-2026,personnel,1st Company
p_00026,CRPF-PER-00026,demo-p-00026-2026,personnel,2nd Company
p_00027,CRPF-PER-00027,demo-p-00027-2026,personnel,3rd Company
p_00028,CRPF-PER-00028,demo-p-00028-2026,personnel,1st Company
p_00029,CRPF-PER-00029,demo-p-00029-2026,personnel,2nd Company
p_00030,CRPF-PER-00030,demo-p-00030-2026,personnel,3rd Company
p_00031,CRPF-PER-00031,demo-p-00031-2026,personnel,1st Company
p_00032,CRPF-PER-00032,demo-p-00032-2026,personnel,2nd Company
p_00033,CRPF-PER-00033,demo-p-00033-2026,personnel,3rd Company
p_00034,CRPF-PER-00034,demo-p-00034-2026,personnel,1st Company
p_00035,CRPF-PER-00035,demo-p-00035-2026,personnel,2nd Company
p_00036,CRPF-PER-00036,demo-p-00036-2026,personnel,3rd Company
p_00037,CRPF-PER-00037,demo-p-00037-2026,personnel,1st Company
p_00038,CRPF-PER-00038,demo-p-00038-2026,personnel,2nd Company
p_00039,CRPF-PER-00039,demo-p-00039-2026,personnel,3rd Company
p_00040,CRPF-PER-00040,demo-p-00040-2026,personnel,1st Company
p_00041,CRPF-PER-00041,demo-p-00041-2026,personnel,2nd Company
p_00042,CRPF-PER-00042,demo-p-00042-2026,personnel,3rd Company
p_00043,CRPF-PER-00043,demo-p-00043-2026,personnel,1st Company
p_00044,CRPF-PER-00044,demo-p-00044-2026,personnel,2nd Company
p_00045,CRPF-PER-00045,demo-p-00045-2026,personnel,3rd Company
p_00046,CRPF-PER-00046,demo-p-00046-2026,personnel,1st Company
p_00047,CRPF-PER-00047,demo-p-00047-2026,personnel,2nd Company
p_00048,CRPF-PER-00048,demo-p-00048-2026,personnel,3rd Company
p_00049,CRPF-PER-00049,demo-p-00049-2026,personnel,1st Company
p_00050,CRPF-PER-00050,demo-p-00050-2026,personnel,2nd Company
p_00051,CRPF-PER-00051,demo-p-00051-2026,personnel,3rd Company
p_00052,CRPF-PER-00052,demo-p-00052-2026,personnel,1st Company
p_00053,CRPF-PER-00053,demo-p-00053-2026,personnel,2nd Company
p_00054,CRPF-PER-00054,demo-p-00054-2026,personnel,3rd Company
p_00055,CRPF-PER-00055,demo-p-00055-2026,personnel,1st Company
p_00056,CRPF-PER-00056,demo-p-00056-2026,personnel,2nd Company
p_00057,CRPF-PER-00057,demo-p-00057-2026,personnel,3rd Company
p_00058,CRPF-PER-00058,demo-p-00058-2026,personnel,1st Company
p_00059,CRPF-PER-00059,demo-p-00059-2026,personnel,2nd Company
p_00060,CRPF-PER-00060,demo-p-00060-2026,personnel,3rd Company
p_00061,CRPF-PER-00061,demo-p-00061-2026,personnel,1st Company
p_00062,CRPF-PER-00062,demo-p-00062-2026,personnel,2nd Company
p_00063,CRPF-PER-00063,demo-p-00063-2026,personnel,3rd Company
p_00064,CRPF-PER-00064,demo-p-00064-2026,personnel,1st Company
p_00065,CRPF-PER-00065,demo-p-00065-2026,personnel,2nd Company
p_00066,CRPF-PER-00066,demo-p-00066-2026,personnel,3rd Company
p_00067,CRPF-PER-00067,demo-p-00067-2026,personnel,1st Company
p_00068,CRPF-PER-00068,demo-p-00068-2026,personnel,2nd Company
p_00069,CRPF-PER-00069,demo-p-00069-2026,personnel,3rd Company
p_00070,CRPF-PER-00070,demo-p-00070-2026,personnel,1st Company
p_00071,CRPF-PER-00071,demo-p-00071-2026,personnel,2nd Company
p_00072,CRPF-PER-00072,demo-p-00072-2026,personnel,3rd Company
p_00073,CRPF-PER-00073,demo-p-00073-2026,personnel,1st Company
p_00074,CRPF-PER-00074,demo-p-00074-2026,personnel,2nd Company
p_00075,CRPF-PER-00075,demo-p-00075-2026,personnel,3rd Company
p_00076,CRPF-PER-00076,demo-p-00076-2026,personnel,1st Company
p_00077,CRPF-PER-00077,demo-p-00077-2026,personnel,2nd Company
p_00078,CRPF-PER-00078,demo-p-00078-2026,personnel,3rd Company
p_00079,CRPF-PER-00079,demo-p-00079-2026,personnel,1st Company
p_00080,CRPF-PER-00080,demo-p-00080-2026,personnel,2nd Company
p_00081,CRPF-PER-00081,demo-p-00081-2026,personnel,3rd Company
p_00082,CRPF-PER-00082,demo-p-00082-2026,personnel,1st Company
p_00083,CRPF-PER-00083,demo-p-00083-2026,personnel,2nd Company
p_00084,CRPF-PER-00084,demo-p-00084-2026,personnel,3rd Company
p_00085,CRPF-PER-00085,demo-p-00085-2026,personnel,1st Company
p_00086,CRPF-PER-00086,demo-p-00086-2026,personnel,2nd Company
p_00087,CRPF-PER-00087,demo-p-00087-2026,personnel,3rd Company
p_00088,CRPF-PER-00088,demo-p-00088-2026,personnel,1st Company
p_00089,CRPF-PER-00089,demo-p-00089-2026,personnel,2nd Company
p_00090,CRPF-PER-00090,demo-p-00090-2026,personnel,3rd Company
p_00091,CRPF-PER-00091,demo-p-00091-2026,personnel,1st Company
p_00092,CRPF-PER-00092,demo-p-00092-2026,personnel,2nd Company
p_00093,CRPF-PER-00093,demo-p-00093-2026,personnel,3rd Company
p_00094,CRPF-PER-00094,demo-p-00094-2026,personnel,1st Company
p_00095,CRPF-PER-00095,demo-p-00095-2026,personnel,2nd Company
p_00096,CRPF-PER-00096,demo-p-00096-2026,personnel,3rd Company
p_00097,CRPF-PER-00097,demo-p-00097-2026,personnel,1st Company
p_00098,CRPF-PER-00098,demo-p-00098-2026,personnel,2nd Company
p_00099,CRPF-PER-00099,demo-p-00099-2026,personnel,3rd Company
p_00100,CRPF-PER-00100,demo-p-00100-2026,personnel,1st Company
p_00101,CRPF-PER-00101,demo-p-00101-2026,personnel,2nd Company
p_00102,CRPF-PER-00102,demo-p-00102-2026,personnel,3rd Company
p_00103,CRPF-PER-00103,demo-p-00103-2026,personnel,1st Company
p_00104,CRPF-PER-00104,demo-p-00104-2026,personnel,2nd Company
p_00105,CRPF-PER-00105,demo-p-00105-2026,personnel,3rd Company
p_00106,CRPF-PER-00106,demo-p-00106-2026,personnel,1st Company
p_00107,CRPF-PER-00107,demo-p-00107-2026,personnel,2nd Company
p_00108,CRPF-PER-00108,demo-p-00108-2026,personnel,3rd Company
p_00109,CRPF-PER-00109,demo-p-00109-2026,personnel,1st Company
p_00110,CRPF-PER-00110,demo-p-00110-2026,personnel,2nd Company
p_00111,CRPF-PER-00111,demo-p-00111-2026,personnel,3rd Company
p_00112,CRPF-PER-00112,demo-p-00112-2026,personnel,1st Company
p_00113,CRPF-PER-00113,demo-p-00113-2026,personnel,2nd Company
p_00114,CRPF-PER-00114,demo-p-00114-2026,personnel,3rd Company
p_00115,CRPF-PER-00115,demo-p-00115-2026,personnel,1st Company
p_00116,CRPF-PER-00116,demo-p-00116-2026,personnel,2nd Company
p_00117,CRPF-PER-00117,demo-p-00117-2026,personnel,3rd Company
p_00118,CRPF-PER-00118,demo-p-00118-2026,personnel,1st Company
p_00119,CRPF-PER-00119,demo-p-00119-2026,personnel,2nd Company
p_00120,CRPF-PER-00120,demo-p-00120-2026,personnel,3rd Company
p_00121,CRPF-PER-00121,demo-p-00121-2026,personnel,1st Company
p_00122,CRPF-PER-00122,demo-p-00122-2026,personnel,2nd Company
p_00123,CRPF-PER-00123,demo-p-00123-2026,personnel,3rd Company
p_00124,CRPF-PER-00124,demo-p-00124-2026,personnel,1st Company
p_00125,CRPF-PER-00125,demo-p-00125-2026,personnel,2nd Company
p_00126,CRPF-PER-00126,demo-p-00126-2026,personnel,3rd Company
p_00127,CRPF-PER-00127,demo-p-00127-2026,personnel,1st Company
p_00128,CRPF-PER-00128,demo-p-00128-2026,personnel,2nd Company
p_00129,CRPF-PER-00129,demo-p-00129-2026,personnel,3rd Company
p_00130,CRPF-PER-00130,demo-p-00130-2026,personnel,1st Company
p_00131,CRPF-PER-00131,demo-p-00131-2026,personnel,2nd Company
p_00132,CRPF-PER-00132,demo-p-00132-2026,personnel,3rd Company
p_00133,CRPF-PER-00133,demo-p-00133-2026,personnel,1st Company
p_00134,CRPF-PER-00134,demo-p-00134-2026,personnel,2nd Company
p_00135,CRPF-PER-00135,demo-p-00135-2026,personnel,3rd Company
p_00136,CRPF-PER-00136,demo-p-00136-2026,personnel,1st Company
p_00137,CRPF-PER-00137,demo-p-00137-2026,personnel,2nd Company
p_00138,CRPF-PER-00138,demo-p-00138-2026,personnel,3rd Company
p_00139,CRPF-PER-00139,demo-p-00139-2026,personnel,1st Company
p_00140,CRPF-PER-00140,demo-p-00140-2026,personnel,2nd Company
p_00141,CRPF-PER-00141,demo-p-00141-2026,personnel,3rd Company
p_00142,CRPF-PER-00142,demo-p-00142-2026,personnel,1st Company
p_00143,CRPF-PER-00143,demo-p-00143-2026,personnel,2nd Company
p_00144,CRPF-PER-00144,demo-p-00144-2026,personnel,3rd Company
p_00145,CRPF-PER-00145,demo-p-00145-2026,personnel,1st Company
p_00146,CRPF-PER-00146,demo-p-00146-2026,personnel,2nd Company
p_00147,CRPF-PER-00147,demo-p-00147-2026,personnel,3rd Company
p_00148,CRPF-PER-00148,demo-p-00148-2026,personnel,1st Company
p_00149,CRPF-PER-00149,demo-p-00149-2026,personnel,2nd Company
p_00150,CRPF-PER-00150,demo-p-00150-2026,personnel,3rd Company
cmd_1st,CRPF-CMD-1ST,demo-commander-1st-2026,commander,1st Company
cmd_2nd,CRPF-CMD-2ND,demo-commander-2nd-2026,commander,2nd Company
cmd_3rd,CRPF-CMD-3RD,demo-commander-3rd-2026,commander,3rd Company
wel_1st,CRPF-WEL-1ST,demo-welfare-1st-2026,welfare_officer,1st Company
wel_2nd,CRPF-WEL-2ND,demo-welfare-2nd-2026,welfare_officer,2nd Company
wel_3rd,CRPF-WEL-3RD,demo-welfare-3rd-2026,welfare_officer,3rd Company
